
INSERT INTO subjects ("SUBJECT_ID", "TITLE") VALUES(1, 'Science');
INSERT INTO subjects ("SUBJECT_ID", "TITLE") VALUES(2, 'Maths');
INSERT INTO subjects ("SUBJECT_ID", "TITLE") VALUES(3, 'Social Studies');
INSERT INTO subjects ("SUBJECT_ID", "TITLE") VALUES(4, 'Economics');
INSERT INTO subjects ("SUBJECT_ID", "TITLE") VALUES(5, 'Biology');

INSERT INTO groups ("GROUP_ID", "NAME") VALUES(1, 'Medical');
INSERT INTO groups ("GROUP_ID", "NAME") VALUES(2, 'Non Medical');
INSERT INTO groups ("GROUP_ID", "NAME") VALUES(3, 'Commerce');
INSERT INTO groups ("GROUP_ID", "NAME") VALUES(4, 'Generic');

INSERT INTO teachers ("TEACHERS_ID", "GROUP_ID", "SUBJECT_ID") VALUES(1,4,3);
INSERT INTO teachers ("TEACHERS_ID", "GROUP_ID", "SUBJECT_ID") VALUES(2,4,1);
INSERT INTO teachers ("TEACHERS_ID", "GROUP_ID", "SUBJECT_ID") VALUES(3,3,4);
INSERT INTO teachers ("TEACHERS_ID", "GROUP_ID", "SUBJECT_ID") VALUES(4,2,1);
INSERT INTO teachers ("TEACHERS_ID", "GROUP_ID", "SUBJECT_ID") VALUES(5,1,5);

INSERT INTO students ("STUDENT_ID", "GROUP_ID", "FIRST_NAME", "LAST_NAME") VALUES(1,2,'Salil','Bansal');
INSERT INTO students ("STUDENT_ID", "GROUP_ID", "FIRST_NAME", "LAST_NAME") VALUES(2,3,'Aisha','Bansal');
INSERT INTO students ("STUDENT_ID", "GROUP_ID", "FIRST_NAME", "LAST_NAME") VALUES(3,2,'Surya','Gupta');
INSERT INTO students ("STUDENT_ID", "GROUP_ID", "FIRST_NAME", "LAST_NAME") VALUES(4,4,'Nidhi','Bansal');

INSERT INTO marks ("MARK_ID", "STUDENT_ID", "SUBJECT_ID", "DATE", "MARK") VALUES(1, 1, 1, TO_DATE('12-03-2019','dd-MM-yyyy'), 95);
INSERT INTO marks ("MARK_ID", "STUDENT_ID", "SUBJECT_ID", "DATE", "MARK") VALUES(2, 1, 2, TO_DATE('12-03-2019','dd-MM-yyyy'), 90);
